"","word","vowel","stress","mean_pitch","mean_amplitude","min_time","max_time","duration","mean_tilt"
"1","Abaco","v1","antipenultimate",218.86,0.129353491924881,1,1.12,0.12,0.198577945002566
"2","Abaco","v2","antipenultimate",180.23,0.0537812721282896,1,1.07,0.0700000000000001,0.137946282597754
"3","Abate","v1","penultimate",231.07,0.0857300896210647,1,1.04,0.04,0.162196989228814
"4","Abate","v2","penultimate",214.77,0.0807114390676597,1,1.17,0.17,0.186016485848477
"5","Acacia","v1","penultimate",262.95,0.100055130521289,1,1.05,0.05,0.167561934487055
"6","Acacia","v2","penultimate",212.99,0.0581320972627633,1,1.14,0.14,0.185366480891282
"7","Acaro","v1","antipenultimate",258.74,0.105286944189405,1,1.09,0.0900000000000001,0.203398346114422
"8","Acaro","v2","antipenultimate",198.35,0.0429601527993454,1,1.08,0.0800000000000001,0.144470899851056
"9","Acero","v1","antipenultimate",247.76,0.106100912355683,1,1.16,0.16,0.196299720535564
"10","Acero","v2","antipenultimate",212.21,0.0435280424739318,1,1.07,0.0700000000000001,0.0925649827477462
"11","Aceto","v1","penultimate",237.56,0.0766599201788881,1,1.05,0.05,0.138517532791182
"12","Aceto","v2","penultimate",301.45,0.0660421170311982,1,1.15,0.15,0.0793665805950732
"13","Alluce","v1","antipenultimate",277.31,0.160906505963831,1,1.1,0.1,0.201138904609708
"14","Alluce","v2","antipenultimate",187.21,0.047213289793296,1,1.08,0.0800000000000001,0.0720759724359956
"15","Ameba","v1","penultimate",226.99,0.121758475766496,1,1.06,0.06,0.186278493093707
"16","Ameba","v2","penultimate",194.44,0.068013224900823,1,1.14,0.14,0.0946408597612246
"17","Ameno","v1","penultimate",223.59,0.0664288925887291,1,1.06,0.06,0.166682846741324
"18","Ameno","v2","penultimate",197.39,0.0474579185785696,1,1.16,0.16,0.0882319465901323
"19","Asilo","v1","penultimate",250.48,0.0633778828017117,1,1.09,0.0900000000000001,0.137820496580927
"20","Asilo","v2","penultimate",209.2,0.043466619745277,1,1.14,0.14,0.0676659668355359
"21","Asino","v1","antipenultimate",253.21,0.121476978340269,1,1.19,0.19,0.189049353959275
"22","Asino","v2","antipenultimate",192.09,0.0364064232585153,1,1.08,0.0800000000000001,0.0706329054108654
"23","Attico","v1","antipenultimate",228.83,0.158827104373158,1,1.11,0.11,0.194275107919498
"24","Attico","v2","antipenultimate",204.74,0.029396534221816,1,1.06,0.0599999999999998,0.0555494827973368
"25","Balena","v1","penultimate",250.44,0.169215755927503,1,1.06,0.0599999999999998,0.148813253556491
"26","Balena","v2","penultimate",229.22,0.0872804851620725,1,1.16,0.16,0.0852669993623829
"27","Balera","v1","penultimate",202.64,0.125953005436821,1,1.06,0.0599999999999998,0.143178049341423
"28","Balera","v2","penultimate",186.01,0.0687439236060383,1,1.2,0.2,0.116328428506962
"29","Bolide","v1","antipenultimate",201.37,0.0380242800366377,1,1.18,0.18,0.113981909840645
"30","Bolide","v2","antipenultimate",168.72,0.027128046041134,1,1.07,0.0699999999999998,0.0552688155723041
"31","Bolina","v1","penultimate",252.49,0.0755626888949863,1,1.08,0.0800000000000001,0.104274988370523
"32","Bolina","v2","penultimate",199.76,0.0351792046579898,1,1.16,0.16,0.0586513467316659
"33","Bufala","v1","antipenultimate",234.93,0.0476548462556418,1,1.13,0.13,0.107930445268458
"34","Bufala","v2","antipenultimate",194.77,0.0864588457602156,1,1.05,0.05,0.155103138335611
"35","Bufalo","v1","antipenultimate",182.87,0.0392169524761894,1,1.08,0.0800000000000001,0.0909954026430652
"36","Bufalo","v2","antipenultimate",179.33,0.0559650011246533,1,1.05,0.0499999999999998,0.144895957639548
"37","Calamo","v1","antipenultimate",279.56,0.114239369492244,1,1.17,0.17,0.185133289063964
"38","Calamo","v2","antipenultimate",182.69,0.0778904209679389,1,1.06,0.06,0.153466926591546
"39","Calata","v1","penultimate",235.3,0.122287171524228,1,1.07,0.0700000000000001,0.150796290170855
"40","Calata","v2","penultimate",209.12,0.154282737307367,1,1.19,0.19,0.192778376908116
"41","Calcagno","v1","penultimate",225.03,0.0612543730707712,1,1.08,0.0800000000000001,0.137292703105212
"42","Calcagno","v2","penultimate",202.05,0.058733831236525,1,1.17,0.17,0.186711742922965
"43","Calcare","v1","penultimate",244.68,0.0890880468152136,1,1.07,0.0699999999999998,0.140898474321843
"44","Calcare","v2","penultimate",222.71,0.0868016176253639,1,1.23,0.23,0.180531587332177
"45","Camice","v1","antipenultimate",233.48,0.0855820844316456,1,1.11,0.11,0.193223346227634
"46","Camice","v2","antipenultimate",164.4,0.0189839084487104,1,1.06,0.06,0.0562816292832459
"47","Camicia","v1","penultimate",278.09,0.0652848196159444,1,1.05,0.0499999999999998,0.129555319066363
"48","Camicia","v2","penultimate",194.82,0.0355813208835092,1,1.09,0.0900000000000001,0.0620166049480406
"49","Canale","v1","penultimate",234.15,0.0932445101716837,1,1.07,0.0700000000000001,0.147292103398249
"50","Canale","v2","penultimate",211.33,0.0981792973363082,1,1.21,0.21,0.196276758138524
"51","Canapa","v1","antipenultimate",270.08,0.105503507962148,1,1.15,0.15,0.190775142137015
"52","Canapa","v2","antipenultimate",179.91,0.0627751533204748,1,1.06,0.06,0.168462384735479
"53","Candido","v1","antipenultimate",267.65,0.0826272192162252,1,1.14,0.14,0.186319696178312
"54","Candido","v2","antipenultimate",182.47,0.0438032038574995,1,1.06,0.06,0.0587963858837327
"55","Candito","v1","penultimate",298.39,0.0900542641411417,1,1.05,0.05,0.137840078817958
"56","Candito","v2","penultimate",228.68,0.0285621104184546,1,1.14,0.14,0.0597006585736621
"57","Celebre","v1","antipenultimate",270.75,0.0890464317040758,1,1.14,0.14,0.131984535864753
"58","Celebre","v2","antipenultimate",189.12,0.110166305165331,1,1.06,0.06,0.0945240630798412
"59","Celeste","v1","penultimate",268.72,0.0875989132612701,1,1.06,0.06,0.0924679442811955
"60","Celeste","v2","penultimate",216.19,0.072452870661293,1,1.15,0.15,0.125921843234124
"61","Ciclico","v1","antipenultimate",249.51,0.0439671700085195,1,1.09,0.0900000000000001,0.0573938617906255
"62","Ciclico","v2","antipenultimate",194.89,0.0558703375331579,1,1.1,0.1,0.0651964394775128
"63","Ciclista","v1","penultimate",283.92,0.0405240035412784,1,1.05,0.05,0.0574834161602874
"64","Ciclista","v2","penultimate",199.1,0.0296178519751606,1,1.08,0.0800000000000001,0.059426652608536
"65","Codice","v1","antipenultimate",277.72,0.0991653896658423,1,1.19,0.19,0.141590260583702
"66","Codice","v2","antipenultimate",190.27,0.0311036239586554,1,1.07,0.0700000000000001,0.052157266695648
"67","Codino","v1","penultimate",284.96,0.0842789338900745,1,1.08,0.0800000000000001,0.119060175202036
"68","Codino","v2","penultimate",228.7,0.0385634650472697,1,1.19,0.19,0.059393541150329
"69","Collega","v1","penultimate",260.89,0.118204435533892,1,1.04,0.04,0.119418049732622
"70","Collega","v2","penultimate",197.71,0.0597180373567012,1,1.12,0.12,0.0799727771312889
"71","Collera","v1","antipenultimate",281.9,0.116214244693271,1,1.14,0.14,0.158460882321951
"72","Collera","v2","antipenultimate",184.01,0.120419694673329,1,1.1,0.0999999999999999,0.0987589300970409
"73","Colonia","v1","penultimate",265.97,0.118425931824021,1,1.1,0.0999999999999999,0.111495223054346
"74","Colonia","v2","penultimate",160.97,0.0358531285362071,1,1.1,0.1,0.146073363480123
"75","Colore","v1","penultimate",264.15,0.0866645814721068,1,1.05,0.0499999999999998,0.113640014628929
"76","Colore","v2","penultimate",238.91,0.0859167564915375,1,1.13,0.13,0.114455078686173
"77","Comico","v1","antipenultimate",232.26,0.0652792876552933,1,1.16,0.16,0.139005340634536
"78","Comico","v2","antipenultimate",185.88,0.035760634561783,1,1.06,0.06,0.0593679265988715
"79","Comizio","v1","penultimate",294.79,0.069567588337477,1,1.07,0.0700000000000001,0.124763491709911
"80","Comizio","v2","penultimate",244.73,0.0387762416486096,1,1.11,0.11,0.0621806958907155
"81","Concilio","v1","penultimate",258.5,0.0845638861794401,1,1.07,0.0700000000000001,0.10982239004144
"82","Concilio","v2","penultimate",240.42,0.0370597293712687,1,1.16,0.16,0.0543329017411036
"83","Concime","v1","penultimate",262.48,0.0543158803631118,1,1.09,0.0899999999999999,0.101266028039671
"84","Concime","v2","penultimate",194.69,0.0368583194682484,1,1.13,0.13,0.063033451364915
"85","Conico","v1","antipenultimate",224.07,0.0752460826798038,1,1.17,0.17,0.154482413425501
"86","Conico","v2","antipenultimate",178.17,0.0370874265005284,1,1.06,0.06,0.0675847889854318
"87","Coniglio","v1","penultimate",225.92,0.0767162614523747,1,1.07,0.0700000000000001,0.10222256256581
"88","Coniglio","v2","penultimate",202.13,0.0422893707809186,1,1.18,0.18,0.0822196150266879
"89","Decade","v1","antipenultimate",242.19,0.0768729599072707,1,1.14,0.14,0.10701730995474
"90","Decade","v2","antipenultimate",170.9,0.0418857047087964,1,1.06,0.06,0.129222076870032
"91","Decano","v1","penultimate",230.31,0.108795134378209,1,1.06,0.06,0.0775109272608148
"92","Decano","v2","penultimate",216.33,0.056949692763086,1,1.21,0.21,0.19304704124966
"93","Delirio","v1","penultimate",204.62,0.11734247254209,1,1.08,0.0799999999999998,0.0664574423471316
"94","Delirio","v2","penultimate",243.94,0.052592195377562,1,1.2,0.2,0.0581215273773031
"95","Delizia","v1","penultimate",251.61,0.0626837810483034,1,1.05,0.0499999999999998,0.0821892493249436
"96","Delizia","v2","penultimate",217.94,0.0339387325719634,1,1.11,0.11,0.0644695406575173
"97","Edema","v1","antipenultimate",196.67,0.0814776238156861,1,1.16,0.16,0.102449700025488
"98","Edema","v2","antipenultimate",178.48,0.0909776380817689,1,1.07,0.0699999999999998,0.092559993699378
"99","Edera","v1","antipenultimate",239.99,0.0944021566002487,1,1.15,0.15,0.11685796212454
"100","Edera","v2","antipenultimate",171.55,0.0754626863974994,1,1.11,0.11,0.0957368294824611
"101","Erede","v1","penultimate",278.77,0.0859563403725591,1,1.12,0.12,0.105813071134601
"102","Erede","v2","penultimate",254.95,0.0756165089998828,1,1.2,0.2,0.120154522423738
"103","Eremo","v1","antipenultimate",234.96,0.109928897965313,1,1.22,0.22,0.108372075760524
"104","Eremo","v2","antipenultimate",187.52,0.0640298766006223,1,1.1,0.0999999999999999,0.10593629085303
"105","Esodo","v1","antipenultimate",192.26,0.0455853616743264,1,1.14,0.14,0.106663283177456
"106","Esodo","v2","antipenultimate",172.76,0.0446407533308152,1,1.08,0.0799999999999998,0.0930849767032653
"107","Esordio","v1","penultimate",289.91,0.0527572282580783,1,1.08,0.0799999999999998,0.0972439850935932
"108","Esordio","v2","penultimate",229.94,0.0554905931915582,1,1.16,0.16,0.126115594240603
"109","Estero","v1","antipenultimate",254.16,0.0698420908139074,1,1.1,0.1,0.120895559113424
"110","Estero","v2","antipenultimate",196.14,0.0576704144268892,1,1.07,0.0699999999999998,0.103891645673247
"111","Esteta","v1","penultimate",242.97,0.0873124959641319,1,1.05,0.05,0.0728063838995536
"112","Esteta","v2","penultimate",248.7,0.0795190408106675,1,1.16,0.16,0.110314693155438
"113","Fedele","v1","penultimate",269.9,0.147385446010964,1,1.08,0.0800000000000001,0.0965633337814557
"114","Fedele","v2","penultimate",226.18,0.0976129708975539,1,1.21,0.21,0.0916675529073737
"115","Federa","v1","antipenultimate",273.03,0.0831230965201688,1,1.19,0.19,0.134970512766522
"116","Federa","v2","antipenultimate",181.4,0.0787769419153221,1,1.1,0.1,0.101701714310744
"117","Forbice","v1","antipenultimate",288.77,0.079214007202819,1,1.17,0.17,0.152285098432146
"118","Forbice","v2","antipenultimate",184.09,0.0373647066966058,1,1.07,0.0700000000000001,0.0538202701788629
"119","Forbito","v1","penultimate",259.26,0.089675920672816,1,1.07,0.0700000000000001,0.116733661344722
"120","Forbito","v2","penultimate",213.74,0.0323091503777843,1,1.15,0.15,0.0579569918012849
"121","Fragola","v1","antipenultimate",240.27,0.114688131951224,1,1.15,0.15,0.183801284741901
"122","Fragola","v2","antipenultimate",178.92,0.0684464875108441,1,1.07,0.0700000000000001,0.104894720269836
"123","Fragore","v1","penultimate",219.77,0.142340996610639,1,1.06,0.06,0.146498349819662
"124","Fragore","v2","penultimate",214.14,0.104068379685744,1,1.18,0.18,0.114558678814156
"125","Fucile","v1","penultimate",211.83,0.0290511978486233,1,1.08,0.0799999999999998,0.0736473456736993
"126","Fucile","v2","penultimate",212.21,0.0358866653043333,1,1.14,0.14,0.0623524579152289
"127","Fucina","v1","penultimate",210.09,0.0233149066106402,1,1.05,0.0499999999999998,0.064696526608412
"128","Fucina","v2","penultimate",196.9,0.0239678378007889,1,1.13,0.13,0.0612140446918208
"129","Genero","v1","antipenultimate",222.16,0.0838131782179197,1,1.18,0.18,0.134443010682204
"130","Genero","v2","antipenultimate",171.62,0.0453182909214341,1,1.11,0.11,0.106941877677468
"131","Genesi","v1","antipenultimate",203.41,0.0586317606189474,1,1.18,0.18,0.133840617261757
"132","Genesi","v2","antipenultimate",168.16,0.0434883327537684,1,1.08,0.0800000000000001,0.0863233166326457
"133","Granita","v1","penultimate",251.76,0.084504667353716,1,1.08,0.0799999999999998,0.146022205507104
"134","Granita","v2","penultimate",206.26,0.0412861534537028,1,1.12,0.12,0.0660115892294715
"135","Granito","v1","penultimate",206.26,0.079376581527243,1,1.09,0.0900000000000001,0.131608604070286
"136","Granito","v2","penultimate",210.41,0.0456834630556247,1,1.14,0.14,0.0648354138261164
"137","Impero","v1","penultimate",248.01,0.0502284837920994,1,1.06,0.06,0.0601888627221148
"138","Impero","v2","penultimate",215.6,0.0559947201589335,1,1.2,0.2,0.115520581096304
"139","Impeto","v1","antipenultimate",278.82,0.0714561688945413,1,1.05,0.05,0.0751969366800176
"140","Impeto","v2","antipenultimate",209.7,0.0318999906948596,1,1.06,0.06,0.0793342166810991
"141","Lattice","v1","antipenultimate",201.5,0.105547966784589,1,1.12,0.12,0.19374762571342
"142","Lattice","v2","antipenultimate",198.71,0.0295253543968457,1,1.05,0.05,0.0578595568679197
"143","Lattina","v1","penultimate",213.28,0.0928164824280945,1,1.06,0.06,0.129784211568191
"144","Lattina","v2","penultimate",256.57,0.043648447948351,1,1.15,0.15,0.0563086831824971
"145","Loculo","v1","antipenultimate",223.77,0.0861010342857333,1,1.13,0.13,0.143551789399105
"146","Loculo","v2","antipenultimate",198.17,0.0348350710558446,1,1.11,0.11,0.0845271453174733
"147","Locusta","v1","penultimate",216.54,0.0986763457353854,1,1.06,0.06,0.111167674730408
"148","Locusta","v2","penultimate",298.51,0.0466320660654865,1,1.08,0.0800000000000001,0.112586469843117
"149","Macaco","v1","penultimate",234.54,0.0870115079924497,1,1.05,0.05,0.184996629736239
"150","Macaco","v2","penultimate",234.96,0.076375261399502,1,1.17,0.17,0.190832014849595
"151","Mantice","v1","antipenultimate",193.51,0.0508493376493386,1,1.11,0.11,0.20523098246631
"152","Mantice","v2","antipenultimate",191.31,0.0186813459737379,1,1.06,0.0599999999999998,0.0467580196237406
"153","Mantide","v1","antipenultimate",187.18,0.108735894231951,1,1.09,0.0900000000000001,0.194587193533682
"154","Mantide","v2","antipenultimate",195.75,0.0388202759828494,1,1.06,0.0599999999999998,0.0689330382637074
"155","Mastice","v1","antipenultimate",255.4,0.0817559679314751,1,1.09,0.0900000000000001,0.1893495148189
"156","Mastice","v2","antipenultimate",184.45,0.0243107821290657,1,1.07,0.0700000000000001,0.0497578572161842
"157","Mastino","v1","penultimate",216.8,0.0895901080334067,1,1.04,0.04,0.160279434212691
"158","Mastino","v2","penultimate",299.6,0.0513914245392231,1,1.18,0.18,0.0584668441776184
"159","Minimo","v1","antipenultimate",194.51,0.0406090003019239,1,1.09,0.0899999999999999,0.0795404037064755
"160","Minimo","v2","antipenultimate",169.32,0.0361902777314645,1,1.06,0.06,0.0676818535981829
"161","Ministro","v1","penultimate",274.61,0.0548764719742475,1,1.03,0.03,0.0707074786456499
"162","Ministro","v2","penultimate",255.12,0.0494032024598909,1,1.07,0.0699999999999998,0.0578722165813517
"163","Missile","v1","antipenultimate",255.4,0.0666371953888982,1,1.08,0.0800000000000001,0.054166991963605
"164","Missile","v2","antipenultimate",191.99,0.0412112022339673,1,1.06,0.06,0.055916648196649
"165","Missiva","v1","penultimate",227.87,0.0499023439870526,1,1.07,0.0700000000000001,0.0633479813353613
"166","Missiva","v2","penultimate",281.56,0.0614059652036216,1,1.17,0.17,0.049266151316441
"167","Monaco","v1","antipenultimate",238.72,0.0899357128597997,1,1.15,0.15,0.159589248056444
"168","Monaco","v2","antipenultimate",161.41,0.0685487412008288,1,1.06,0.06,0.149046275259111
"169","Monarca","v1","penultimate",236.05,0.0651199431506968,1,1.07,0.0699999999999998,0.138737414724761
"170","Monarca","v2","penultimate",209.27,0.0522494299571047,1,1.17,0.17,0.183703891648768
"171","Monile","v1","penultimate",220.46,0.073750043963071,1,1.06,0.0599999999999998,0.168969956538606
"172","Monile","v2","penultimate",248.39,0.0680932874528626,1,1.18,0.18,0.054556006888294
"173","Monito","v1","antipenultimate",225.11,0.0663702754267993,1,1.18,0.18,0.14594816936133
"174","Monito","v2","antipenultimate",174.93,0.0304288838344128,1,1.08,0.0800000000000001,0.0629785482056607
"175","Opaco","v1","penultimate",260.24,0.117609127675384,1,1.07,0.0700000000000001,0.110423119681802
"176","Opaco","v2","penultimate",230.09,0.103323918638449,1,1.21,0.21,0.197403208847467
"177","Opale","v1","penultimate",260.02,0.0793247898947616,1,1.08,0.0800000000000001,0.111162802184897
"178","Opale","v2","penultimate",222.74,0.101650825348514,1,1.19,0.19,0.211094375507623
"179","Orafo","v1","antipenultimate",233.05,0.139928794689898,1,1.15,0.15,0.157909209858619
"180","Orafo","v2","antipenultimate",176.22,0.0569407895898751,1,1.07,0.0700000000000001,0.167300293129901
"181","Orale","v1","penultimate",218.32,0.0807760890397352,1,1.1,0.1,0.117229582582881
"182","Orale","v2","penultimate",205.19,0.0990528610761276,1,1.22,0.22,0.194173265296177
"183","Pagaia","v1","penultimate",252.37,0.162874057812698,1,1.05,0.05,0.166505847761604
"184","Pagaia","v2","penultimate",214.5,0.122446359547152,1,1.18,0.18,0.17940142809347
"185","Pagano","v1","penultimate",233.13,0.135735838093205,1,1.06,0.06,0.159171651436814
"186","Pagano","v2","penultimate",192.55,0.0981275270097625,1,1.24,0.24,0.17886250311736
"187","Panico","v1","antipenultimate",254.24,0.0879709331086311,1,1.16,0.16,0.188434109825237
"188","Panico","v2","antipenultimate",172.81,0.030951668682503,1,1.06,0.06,0.0733649212433932
"189","Panino","v1","penultimate",224.4,0.132664875919408,1,1.08,0.0799999999999998,0.142923189757794
"190","Panino","v2","penultimate",246.72,0.0769736781395621,1,1.18,0.18,0.0874444778804918
"191","Patina","v1","antipenultimate",232.97,0.09023569602018,1,1.18,0.18,0.182820215279008
"192","Patina","v2","antipenultimate",212.63,0.0332662784927622,1,1.06,0.0599999999999998,0.0609633405069157
"193","Patito","v1","penultimate",221.94,0.0608128629829355,1,1.06,0.06,0.135916877609755
"194","Patito","v2","penultimate",181.42,0.0145256618431113,1,1.12,0.12,0.0534507997297308
"195","Pollice","v1","antipenultimate",247.9,0.0607845984168467,1,1.13,0.13,0.13780473690048
"196","Pollice","v2","antipenultimate",169.72,0.0340563161204801,1,1.07,0.0699999999999998,0.055220384482823
"197","Polline","v1","antipenultimate",199.17,0.0453354507759074,1,1.13,0.13,0.128148293220435
"198","Polline","v2","antipenultimate",167.13,0.0443615305393251,1,1.1,0.0999999999999999,0.0558323637389924
"199","Protesi","v1","antipenultimate",200.21,0.0791122784112593,1,1.15,0.15,0.155772187713666
"200","Protesi","v2","antipenultimate",197.93,0.0281136965029383,1,1.08,0.0800000000000001,0.0613147401094644
"201","Protesta","v1","penultimate",220.32,0.0598157397782582,1,1.06,0.06,0.118213510554836
"202","Protesta","v2","penultimate",273.76,0.0880806763964287,1,1.13,0.13,0.13974947019888
"203","Raduno","v1","penultimate",248.93,0.12480492158603,1,1.08,0.0800000000000001,0.137208573067914
"204","Raduno","v2","penultimate",199.05,0.0599711992230519,1,1.16,0.16,0.0982027372970278
"205","Radura","v1","penultimate",208.65,0.0821695194733119,1,1.08,0.0799999999999998,0.130738126200699
"206","Radura","v2","penultimate",180.37,0.0518293816582775,1,1.19,0.19,0.0813269429238483
"207","Rapido","v1","antipenultimate",224.52,0.120841492943683,1,1.11,0.11,0.199282189547794
"208","Rapido","v2","antipenultimate",183.17,0.0279053430352902,1,1.06,0.0599999999999998,0.057860045373034
"209","Rapina","v1","penultimate",245.14,0.0826422146464432,1,1.07,0.0699999999999998,0.157951891699294
"210","Rapina","v2","penultimate",224.32,0.0340755403026374,1,1.15,0.15,0.0619552846286949
"211","Remora","v1","antipenultimate",229.28,0.0800659044329807,1,1.19,0.19,0.137821515252096
"212","Remora","v2","antipenultimate",169.74,0.0531065567755783,1,1.09,0.0900000000000001,0.119793875133513
"213","Remoto","v1","penultimate",219.21,0.0900172284965851,1,1.1,0.0999999999999999,0.111119008743458
"214","Remoto","v2","penultimate",255.52,0.0805073749288272,1,1.18,0.18,0.169246641637744
"215","Ruggine","v1","antipenultimate",223.22,0.0517459345595268,1,1.13,0.13,0.0967559425927315
"216","Ruggine","v2","antipenultimate",188.41,0.0624557924415852,1,1.09,0.0900000000000001,0.0674912848074121
"217","Ruggito","v1","penultimate",254.95,0.0500112918085295,1,1.08,0.0800000000000001,0.0966300116115291
"218","Ruggito","v2","penultimate",190.44,0.0305380575547595,1,1.13,0.13,0.0589927678505208
"219","Salame","v1","penultimate",248.93,0.151234307462344,1,1.06,0.06,0.157438965813236
"220","Salame","v2","penultimate",210.52,0.172661172584745,1,1.19,0.19,0.195959317885996
"221","Salario","v1","penultimate",223.65,0.0641661167322576,1,1.06,0.06,0.1386451327856
"222","Salario","v2","penultimate",173.82,0.0666256493523978,1,1.17,0.17,0.187072113745371
"223","Salice","v1","antipenultimate",248.55,0.0949741619800397,1,1.14,0.14,0.181277005678108
"224","Salice","v2","antipenultimate",175.65,0.0380135553388511,1,1.06,0.06,0.0686678341133075
"225","Saliva","v1","penultimate",229.16,0.0940783661860507,1,1.06,0.06,0.125828658015055
"226","Saliva","v2","penultimate",249.44,0.0480420174965061,1,1.14,0.14,0.0489564869267599
"227","Sapone","v1","penultimate",260.79,0.0665562325657441,1,1.06,0.06,0.131432049100315
"228","Sapone","v2","penultimate",205.87,0.0445350447282782,1,1.2,0.2,0.129319808386345
"229","Sapore","v1","penultimate",234.58,0.085765491726414,1,1.05,0.05,0.129994294039503
"230","Sapore","v2","penultimate",200.59,0.063369040861918,1,1.24,0.24,0.114816406262198
"231","Senape","v1","antipenultimate",248.4,0.0571704802245144,1,1.16,0.16,0.13553524716801
"232","Senape","v2","antipenultimate",177.95,0.0423424739288665,1,1.06,0.06,0.143944284928149
"233","Senato","v1","penultimate",239.95,0.0826743124507449,1,1.07,0.0700000000000001,0.0871335895859802
"234","Senato","v2","penultimate",204.33,0.0600537089907971,1,1.17,0.17,0.194673880113729
"235","Siculo","v1","antipenultimate",248.17,0.0484974005821972,1,1.12,0.12,0.0575428026074843
"236","Siculo","v2","antipenultimate",191.58,0.0657577094339836,1,1.06,0.06,0.0936840216938423
"237","Sicura","v1","penultimate",227.72,0.0387859862982683,1,1.05,0.05,0.0670106568209402
"238","Sicura","v2","penultimate",197.07,0.0536377537942459,1,1.2,0.2,0.0955785631263447
"239","Tattile","v1","antipenultimate",169.51,0.0658039048994903,1,1.05,0.05,0.19783121242598
"240","Tattile","v2","antipenultimate",171.94,0.021709818310484,1,1.05,0.05,0.054314597049546
"241","Tenebra","v1","antipenultimate",209.69,0.0659628347356516,1,1.14,0.14,0.12122760026826
"242","Tenebra","v2","antipenultimate",169.04,0.0528717413863435,1,1.05,0.05,0.0900877915558762
"243","Tenero","v1","antipenultimate",198.75,0.0456851731258343,1,1.17,0.17,0.120793543610634
"244","Tenero","v2","antipenultimate",168.39,0.0363030876315692,1,1.1,0.1,0.101684554502772
"245","Termico","v1","antipenultimate",192.05,0.050645130021131,1,1.16,0.16,0.119146743170439
"246","Termico","v2","antipenultimate",164.96,0.0260912436344635,1,1.05,0.05,0.0683307684227076
"247","Termite","v1","antipenultimate",212.92,0.054584564884617,1,1.16,0.16,0.126649887412809
"248","Termite","v2","antipenultimate",160.65,0.0308628667193824,1,1.07,0.0700000000000001,0.0657651980239185
"249","Terrore","v1","penultimate",254.35,0.120401873240593,1,1.08,0.0799999999999998,0.0956784536962867
"250","Terrore","v2","penultimate",200.88,0.0685880683737593,1,1.17,0.17,0.126547264288135
"251","Terroso","v1","penultimate",263.81,0.106042543497963,1,1.07,0.0700000000000001,0.106532486973325
"252","Terroso","v2","penultimate",177.87,0.0650714803671519,1,1.14,0.14,0.110871284078133
"253","Tifone","v1","penultimate",276.61,0.0318220099265019,1,1.06,0.06,0.0723756107454144
"254","Tifone","v2","penultimate",208.78,0.0486664344801611,1,1.12,0.12,0.124070793524715
"255","Tifoso","v1","penultimate",247.46,0.0411276296147156,1,1.05,0.0499999999999998,0.0556372992819333
"256","Tifoso","v2","penultimate",184.26,0.0380326506209767,1,1.16,0.16,0.100013444022358
"257","Timone","v1","penultimate",239.52,0.0422933282582932,1,1.08,0.0800000000000001,0.0600926689267441
"258","Timone","v2","penultimate",185.18,0.0582602763903809,1,1.22,0.22,0.128517340804834
"259","Timore","v1","penultimate",251.68,0.0289325687226768,1,1.05,0.05,0.0648830002812238
"260","Timore","v2","penultimate",182.35,0.0559207315154796,1,1.23,0.23,0.123720865481218
"261","Tiranno","v1","penultimate",240.03,0.0476780986599137,1,1.09,0.0899999999999999,0.0712427862365865
"262","Tiranno","v2","penultimate",197.69,0.0549764461549815,1,1.14,0.14,0.193876725512697
"263","Tirante","v1","penultimate",284.48,0.0636186135906974,1,1.09,0.0899999999999999,0.0793859203162246
"264","Tirante","v2","penultimate",177.48,0.0432214578520523,1,1.08,0.0800000000000001,0.19741667539468
"265","Tonaca","v1","antipenultimate",254.92,0.0531165426562073,1,1.16,0.16,0.162504751429727
"266","Tonaca","v2","antipenultimate",171.02,0.0461987347037238,1,1.07,0.0700000000000001,0.150911737073096
"267","Tonale","v1","penultimate",234.46,0.0680259926638403,1,1.08,0.0800000000000001,0.11284755267917
"268","Tonale","v2","penultimate",202.54,0.0704855815717118,1,1.16,0.16,0.188377475735326
"269","Tossico","v1","antipenultimate",282.37,0.0588131642393733,1,1.08,0.0800000000000001,0.143761614926628
"270","Tossico","v2","antipenultimate",147.97,0.0251543914654023,1,1.02,0.0199999999999998,0.063262723342305
"271","Tossina","v1","penultimate",288.95,0.063250900686563,1,1.05,0.05,0.119554760344492
"272","Tossina","v2","penultimate",209.85,0.0361787772575977,1,1.14,0.14,0.063637354070757
"273","Umido","v1","antipenultimate",207.38,0.0427839657178585,1,1.14,0.14,0.112826522939584
"274","Umido","v2","antipenultimate",174.23,0.031478143080168,1,1.1,0.1,0.0655108661360895
"275","Umile","v1","antipenultimate",254.18,0.0734087234419415,1,1.11,0.11,0.0942463453651052
"276","Umile","v2","antipenultimate",186.12,0.0405386408303689,1,1.06,0.06,0.0660866861865451
"277","Valico","v1","antipenultimate",254.48,0.122053501511288,1,1.19,0.19,0.18467074497465
"278","Valico","v2","antipenultimate",168.57,0.0413422693338527,1,1.06,0.06,0.0522575521141983
"279","Valigia","v1","penultimate",230.37,0.166031278157146,1,1.07,0.0700000000000001,0.137160219046865
"280","Valigia","v2","penultimate",192.24,0.0349892380462301,1,1.16,0.16,0.0628390018431194
"281","Ventola","v1","antipenultimate",202.06,0.0820386665555758,1,1.1,0.1,0.13642381533644
"282","Ventola","v2","antipenultimate",188.83,0.0625529658696867,1,1.06,0.06,0.122788783576053
"283","Ventosa","v1","penultimate",219.37,0.100507718992561,1,1.06,0.0599999999999998,0.0791212314941759
"284","Ventosa","v2","penultimate",201.07,0.0462401099551463,1,1.17,0.17,0.103786305362074
"285","Vertenza","v1","penultimate",221.51,0.0950981018220474,1,1.06,0.06,0.0955985344897929
"286","Vertenza","v2","penultimate",204.38,0.0481351122899404,1,1.17,0.17,0.122200469114362
"287","Volume","v1","penultimate",265.12,0.123823152862884,1,1.09,0.0900000000000001,0.1175185632313
"288","Volume","v2","penultimate",217.45,0.0495222464537942,1,1.21,0.21,0.108536438796587
"289","Voluta","v1","penultimate",291.4,0.0819608351211171,1,1.06,0.06,0.126305685822915
"290","Voluta","v2","penultimate",246.11,0.0421147732295959,1,1.11,0.11,0.0860077185321958
"291","Zigomo","v1","antipenultimate",276.71,0.0501888935192712,1,1.13,0.13,0.0601571703719728
"292","Zigomo","v2","antipenultimate",181.23,0.0614850589962877,1,1.1,0.1,0.115139477585935
"293","Zigote","v1","penultimate",270.45,0.0443750384194043,1,1.06,0.06,0.0546221106981016
"294","Zigote","v2","penultimate",205.56,0.0871303026847113,1,1.21,0.21,0.138148764638053
